<?xml version="1.0" encoding="UTF-8"?>
<project-private xmlns="http://www.netbeans.org/ns/project-private/1">
    <editor-bookmarks xmlns="http://www.netbeans.org/ns/editor-bookmarks/2" lastBookmarkId="0"/>
    <open-files xmlns="http://www.netbeans.org/ns/projectui-open-files/2">
        <group>
            <file>file:/C:/xampp/htdocs/comidas/scripts/ajax.js</file>
            <file>file:/C:/xampp/htdocs/comidas/manip/man02.php</file>
            <file>file:/C:/xampp/htdocs/comidas/manip/man03.php</file>
            <file>file:/C:/xampp/htdocs/comidas/encabezado.php</file>
            <file>file:/C:/xampp/htdocs/comidas/manip/man05.php</file>
            <file>file:/C:/xampp/htdocs/comidas/manip/cls_man06.php</file>
            <file>file:/C:/xampp/htdocs/comidas/conexionComidas.php</file>
            <file>file:/C:/xampp/htdocs/comidas/manip/man04.php</file>
            <file>file:/C:/xampp/htdocs/comidas/manip/man06.php</file>
        </group>
    </open-files>
</project-private>
